URL,Email,Phone
https://www.tel-aviv.law/,main@hh-law.co.il,+972-36081122
https://aaci.org.il/lawyers-directory/,No email found,No phone found
https://globallawexperts.com/lawyer_region/israel/,No email found,870 977 1000
https://barlaw.co.il/,No email found,No phone found
https://herzoglaw.co.il/en/contact-us/,No email found,+972 3 692 2020
https://www.gov.uk/government/publications/israel-list-of-lawyers/israel-list-of-lawyers--2,psi@nationalarchives.gov.uk,No phone found
https://eshimony-law.com/contact-us/,No email found,+972-3-5507155
https://www.sullivanlaw.com/office-locations/tel-aviv-israel,No email found,No phone found
https://il.usembassy.gov/u-s-citizen-services/attorneys/,No email found,No phone found
https://www.twobirds.com/en/reach/israel,No email found,094638572
https://www.lw.com/en/practices/israel-practice,No email found,023202046
https://www.gtlaw.com/en/locations/tel-aviv,No email found,087960573
https://eshimony-law.com/,No email found,+972-3-5507155
https://meitar.com/en/,No email found,No phone found
https://www.gornitzky.com/,No email found,No phone found
https://www.honigman.com/practices-israel,No email found,1754930779
https://www.dlapiper.com/en-us/locations/israel,No email found,No phone found
https://lawoffice.org.il/en/,No email found,069544997
https://herzoglaw.co.il/en/,No email found,096342621
https://s-horowitz.com/,No email found,000255247
https://www.alston.com/en/services/regions/middle-east-north-africa/israel,No email found,No phone found
https://www.freshfields.com/en/locations/middle-east/israel/,No email found,6988390485
https://www.zoominfo.com/people-search/location-israel-industry-legal,No email found,No phone found
https://www.goldfarb.com/,No email found,No phone found
https://www.legal500.com/c/israel,No email found,No phone found
https://www.theworldlawgroup.com/member-firms/herzog-fox-&-neeman/369/,No email found,No phone found
https://www.mwe.com/services/regional-markets/israel/,No email found,No phone found
https://arnontl.com/,info@arnontl.com,No phone found
https://www.bf-law.co.il/en/,All@bf-law.co.il,04-8371505
https://www.lexmundi.com/firms/s-horowitz-co/tel-aviv/,No email found,No phone found
https://chambers.com/law-firm/amit-pollak-matalon-co-global-2:121530,No email found,+972 3 568 9000
https://www.ela.law/firms/nblaw,ilanwinder@nblaw.com,+972 3 623 5000
https://israelfoulon.com/,No email found,416 640 1550
https://www.firon.co.il/,No email found,+972-3-7540000
https://aharonilaw.com/,No email found,+972-3-9055478
https://www.hcch.net/en/states/authorities/details3/?aid=99,ICA@justice.gov.il,+972-73-392-8261
https://law.asia/law-firm/yigal-arnon-co/,No email found,No phone found
https://www.dangel-law.co.il/en/immigration-lawyer/,No email found,072-2160056
https://www.pearlcohen.com/about-us/,Marketing@pearlcohen.co.il,No phone found
https://drsi-law.com/,No email found,No phone found
https://www.facebook.com/aharonilawservices/,No email found,No phone found
https://scglegal.com/countries/israel/,sbr@apm.law,No phone found
https://www.pillsburylaw.com/en/services/global-reach/israel.html,No email found,No phone found
https://www.hh-law.co.il/,No email found,No phone found
https://rcip.co.il/,No email found,No phone found
https://www.sessions.legal/,No email found,000696101
http://www.jnf.org/ways-to-help/lawyers-for-israel,No email found,7114101514
https://www.nbn.org.il/life-in-israel/employment/professions-index/law-government-nonprofit/law/,No email found,No phone found
https://www.agmon-law.co.il/en/,No email found,No phone found
https://sdflaw.com/contact,No email found,No phone found
https://www.amar-lawyers.com/en/,No email found,No phone found
https://www.wildeslaw.com/offices/immigration-law-firm-attorneys-lawyers-tel-aviv-israel/,No email found,No phone found
https://www.apm.law/our-firm/,apm@apm.law,+972-3-5689000
https://www.uklfi.com/contact-us,No email found,No phone found
https://cipo.gov.vc/index.php/resources/lawyers,No email found,No phone found
https://www.hsfkramer.com/contact-us,Rebecca.Maslen-Stannage@hsfkramer.com,008180890
https://www.knebel-adv.com/en.htm,liat@knebel-adv.com,+972-3-6393330
https://www.wilsonelser.com/israel,No email found,No phone found
https://www.cov.com/en/contact-us,dschaefer@cov.com,02 662 6687
https://www.goodwinlaw.com/en/locations/los-angeles,No email found,No phone found
https://www.foley.com/office/los-angeles/,No email found,No phone found
https://nlsla.org/,No email found,00-433-6251
https://www.bcgsearch.com/bestlawfirms/loc-2704102/california/los-angeles,No email found,022112204
https://lafla.org/,No email found,00-399-4529
https://abc7news.com/live-updates/national-guard-la-trial-live-updates-hearing-san-francisco-deployment-los-angeles-violated-federal-law/17503235/,No email found,No phone found
https://www.bdj.com/,No email found,No phone found
https://www.justia.com/lawyers/california/los-angeles,No email found,025061006
https://www.cnn.com/2025/08/10/us/california-newsom-trump-national-guard,No email found,060213363
https://apps.calbar.ca.gov/attorney/LicenseeSearch/QuickSearch?...,No email found,415-538-2000
https://attal-law.com/,No email found,No phone found
https://kahn.co.il/,No email found,+972-3-6914775
https://israellawfirms.org/contact-us/,No email found,No phone found
https://www.hunterlaw.co.il/,office@hunterlaw.co.il,03-5662566
https://aiel.com/lawyers/israel/,main@shg-law.co.il,No phone found
https://goldzweiglaw.com/,No email found,(646) 926-4449
https://en.rslawfirm.co.il/,No email found,No phone found
https://www.seyfarth.com/,No email found,No phone found
https://www.fbi.gov/contact-us/international-offices,No email found,04-685-4311
https://www.rauschsturm.com/,disputes@rauschsturm.com,866-456-3744
https://www.klgates.com/,No email found,000000001
https://www.calbar.ca.gov/Accessibility,No email found,No phone found
https://wisconsindot.gov/Pages/about-wisdot/contact-us/dmv-contact.aspx,DealerLicensingUnit@dot.wi.gov,(608) 266-1425
https://www.governor.ny.gov/content/governor-contact-form,No email found,518-474-8390
https://www.nyed.uscourts.gov/,nyed_webmaster@nyed.uscourts.gov,001022025
https://oag.ca.gov/contact/consumer-complaint-against-business-or-company,EERROffice@doj.ca.gov,No phone found
